{"accuracy": 0.8838, "f1": 0.8826973551383, "mcc": 0.7679162008878946, "baseline_mcc": 0.632558835994726}